"Beef Enchiladas,https://www.youtube.com/watch?v=_xR6FADaGio"
"Pizza Melt,https://www.budgetbytes.com/pizza-melts/"
"Cajun Sausage and Rice,https://www.budgetbytes.com/cajun-sausage-and-rice-skillet/"
"Beef Taco Skillet,https://www.budgetbytes.com/beef-taco-skillet/"
"Unstuffed Bell Peppers, https://www.budgetbytes.com/unstuffed-bell-peppers/"
"Chipotle Lime Chicken and Rice, https://www.budgetbytes.com/chipotle-lime-chicken-and-rice/"
"Chili cheese beef n mac, https://www.budgetbytes.com/chili-cheese-beef-n-mac"
"Bacon Spinach Pasta, https://www.budgetbytes.com/bacon-spinach-pasta-parmesan/"
"Creamy cajun Chicken Pasta, https://www.budgetbytes.com/one-pot-creamy-cajun-chicken-pasta/"
"One pot meat spaghetti, "https://www.thereciperebel.com/healthy-one-pot-spaghetti-and-meat-sauce/"
"One pot creamy pesto chicken pasta, "https://www.budgetbytes.com/one-pot-creamy-pesto-chicken-pasta/"
"Classic Homemade Meatloaf, https://www.budgetbytes.com/classic-homemade-meatloaf/"
"BBQ Beef and Beans, https://www.budgetbytes.com/bbq-beef-and-beans/"
"Breaded Pork Chops, https://www.seriouseats.com/how-to-make-fried-breaded-pork-chops"
"Italian Wedding Soup, https://www.triedandtruerecipe.com/italian-wedding-soup-recipe/"
"Lemony Chicken Orzo Soup, https://www.triedandtruerecipe.com/lemony-chicken-orzo-soup/"
"Beef and Cabbage Rice Soup, https://www.triedandtruerecipe.com/beef-and-cabbage-rice-soup/"
"Chicken Barley Soup, https://www.triedandtruerecipe.com/chicken-barley-soup-recipe/"
"Short Rib Ragu, https://www.triedandtruerecipe.com/short-rib-ragu-recipe/"
"Easy beef chili, https://www.triedandtruerecipe.com/easy-beef-chili/"
"Slow Cooker crack chicken and rice, https://www.plainchicken.com/slow-cooker-crack-chicken-rice/"
"American Goulash, https://www.plainchicken.com/school-cafeteria-goulash/"
"Creamy beef and shells, https://sweetandsavorymeals.com/creamy-beef-and-shells/"
"Lemon Pepper Chicken, https://www.budgetbytes.com/easy-lemon-pepper-chicken/"
"Oven Baked Chicken Taquitos, https://lifemadesimplebakes.com/creamy-oven-baked-chicken-taquitos-4/"
"Chicken Breasts, https://www.budgetbytes.com/how-to-cook-chicken-breast-in-a-pan/"
"Chicken Fajitas, hhttps://www.budgetbytes.com/oven-fajitas/"
"BBQ Chicken Sandwiches, https://www.budgetbytes.com/easy-bbq-chicken-sandwiches/"
"Slow cooker white Chicken Chili, https://www.budgetbytes.com/slow-cooker-white-chicken-chili/"
"Spicy chicken sandwiches, https://www.budgetbytes.com/baked-spicy-chicken-sandwiches/"
"Cilantro Lime Chicken, https://www.budgetbytes.com/easy-cilantro-lime-chicken/"
"Chicken and Spinach Quesadillas, https://www.budgetbytes.com/creamy-chicken-and-spinach-quesadillas/"
"Slow cooker Chicken tikka masala, https://www.budgetbytes.com/slow-cooker-chicken-tikka-masala/"
"Roast Chicken, https://www.youtube.com/watch?v=bJeUb8ToRIw"
"Sheet Pan Meatloaf, https://www.budgetbytes.com/sheet-pan-bbq-meatloaf-dinner/"
"Korean beef bowl, https://www.budgetbytes.com/bibimbap-ultimate-bowl-meal/"
"Slow cooker beef stew, https://www.budgetbytes.com/slow-cooker-rosemary-garlic-beef-stew-slow-cooker/"
"Garlic shrimp and Rice, https://www.budgetbytes.com/one-pot-lemon-garlic-shrimp-and-rice/"
"Garlic Butter Cod, https://www.budgetbytes.com/garlic-butter-baked-cod/"
"Brown sugar Pork Loin, https://www.budgetbytes.com/brown-sugar-roasted-pork-loin/"
"Jambalaya, https://www.budgetbytes.com/category/recipes/meat/pork/page/4/"
